reference,unit,value,lib_id,x_mm,y_mm,angle,mirror,pins_nets
#PWR011,1,+3.3V,DVB_Power:+3.3V,385.445,29.21,0,,1:None
C12,1,C_0002,DVB_C:C_0002,385.445,33.02,0,y,1:+3.3V; 2:GND
C10,1,C_0002,DVB_C:C_0002,391.795,33.02,0,y,1:+3.3V; 2:GND
C8,1,C_0002,DVB_C:C_0002,398.145,33.02,0,y,1:+3.3V; 2:GND
C6,1,C_0002,DVB_C:C_0002,404.495,33.02,0,y,1:+3.3V; 2:GND
C2,1,C_0002,DVB_C:C_0002,410.845,33.02,0,y,1:+3.3V; 2:GND
#PWR03,1,GND,DVB_Power:GND,385.445,36.83,0,,1:None
C23,1,C_0043,DVB_C:C_0043,367.665,103.505,0,x,1:GND; 2:Net-(U2-PH1)
C22,1,C_0043,DVB_C:C_0043,349.885,103.505,0,y,1:Net-(U2-PH0); 2:GND
#PWR05,1,GND,DVB_Power:GND,358.775,104.775,0,y,1:None
#PWR06,1,GND,DVB_Power:GND,367.665,107.315,0,y,1:None
R4,1,R_0020,DVB_R:R_0020,420.37,53.975,180,,1:Net-(U2-BOOT0); 2:GND
#PWR070,1,+3.3V,DVB_Power:+3.3V,189.865,252.095,0,,1:None
D1,1,D_0001,DVB_D:D_0001,189.865,255.905,270,x,1:Net-(D1-K); 2:+3.3V
#PWR072,1,GND,DVB_Power:GND,26.67,346.075,0,,1:None
C14,1,C_0002,DVB_C:C_0002,103.505,342.265,0,y,1:Net-(C14-Pad1); 2:GND
#PWR078,1,GND,DVB_Power:GND,103.505,346.075,0,,1:None
#PWR0102,1,GND,DVB_Power:GND,205.105,391.16,0,,1:None
#PWR0116,1,GND,DVB_Power:GND,187.325,391.16,0,,1:None
R1,1,R_0020,DVB_R:R_0020,177.8,347.345,270,,1:Net-(U14-RXER/PHYAD0); 2:GND
#PWR0103,1,GND,DVB_Power:GND,173.99,347.345,270,,1:None
C46,1,C_0003,DVB_C:C_0003,335.28,375.285,0,y,1:Net-(U14-VDD1A); 2:GND
#PWR0117,1,GND,DVB_Power:GND,196.215,378.46,180,,1:None
#PWR0118,1,GND,DVB_Power:GND,196.215,388.62,0,,1:None
#PWR0104,1,GND,DVB_Power:GND,276.86,358.14,90,,1:None
C45,1,C_0002,DVB_C:C_0002,325.755,375.285,0,y,1:Net-(U14-VDD1A); 2:GND
C44,1,C_0002,DVB_C:C_0002,314.96,375.285,0,y,1:Net-(U14-VDD1A); 2:GND
#PWR0105,1,GND,DVB_Power:GND,314.96,379.095,0,,1:None
C43,1,C_0002,DVB_C:C_0002,297.18,375.285,0,,1:+3.3V; 2:GND
#PWR0106,1,GND,DVB_Power:GND,276.86,379.095,0,,1:None
#PWR0107,1,GND,DVB_Power:GND,345.44,379.095,0,y,1:None
C49,1,C_0002,DVB_C:C_0002,356.235,375.285,0,,1:Net-(U14-VDD1A); 2:GND
C47,1,C_0002,DVB_C:C_0002,345.44,375.285,0,,1:Net-(U14-VDD1A); 2:GND
U14,1,U_0101,DVB_U:U_0101,238.76,347.345,0,,1:Net-(U14-VDD1A); 10:Net-(U14-RXER/PHYAD0); 11:Net-(U14-CRS_DV/MODE2); 12:/RMII_MDIO; 13:/RMII_MDC; 14:Net-(U14-nINT/REFCLKO); 15:/ETH_RST; 16:/RMII_TX_EN; 17:/RMII_TXD0; 18:/RMII_TXD1; 19:Net-(U14-VDD1A); 2:Net-(J2-RLED+); 20:/TX_N; 21:/TX_P; 22:/RX_N; 23:/RX_P; 24:Net-(U14-RBIAS); 25:GND; 3:Net-(J2-LLED+); 4:Net-(U14-XTAL2); 5:Net-(U14-XTAL1/CLKIN); 6:Net-(U14-VDDCR); 7:Net-(U14-RXD1/MODE1); 8:Net-(U14-RXD0/MODE0); 9:+3.3V
R32,1,R_0020,DVB_R:R_0020,176.53,321.31,0,,1:+3.3V; 2:Net-(U14-RXD0/MODE0)
R33,1,R_0020,DVB_R:R_0020,181.61,321.31,0,,1:+3.3V; 2:Net-(U14-RXD1/MODE1)
R36,1,R_0020,DVB_R:R_0020,186.69,321.31,0,,1:+3.3V; 2:Net-(U14-CRS_DV/MODE2)
R38,1,R_0118,DVB_R:R_0018,191.77,321.31,0,,1:+3.3V; 2:/RMII_MDIO
R39,1,R_0020,DVB_R:R_0020,196.85,321.31,0,,1:+3.3V; 2:Net-(U14-nINT/REFCLKO)
C55,1,C_0002,DVB_C:C_0002,340.36,299.085,180,,1:Net-(U14-VDD1A); 2:GND
C17,1,C_0043,DVB_C:C_0043,187.325,387.35,0,y,1:Net-(U14-XTAL1/CLKIN); 2:GND
C21,1,C_0043,DVB_C:C_0043,205.105,387.35,0,,1:Net-(U14-XTAL2); 2:GND
R17,1,R_0133,DVB_R:R_0133,273.05,358.14,270,,1:GND; 2:Net-(U14-RBIAS)
XO1,1,XO_0004,DVB_XO:XO_0004,196.215,383.54,0,,1:Net-(U14-XTAL1/CLKIN); 2:GND; 3:Net-(U14-XTAL2); 4:GND
U16,1,U_0049,DVB_U:U_0049,323.215,316.865,270,,1:GND; 2:/TX_N; 3:/TX_P; 4:Net-(U14-VDD1A)
U17,1,U_0049,DVB_U:U_0049,337.82,316.865,270,,1:GND; 2:/RX_N; 3:/RX_P; 4:Net-(U14-VDD1A)
C54,1,C_0002,DVB_C:C_0002,325.755,299.085,180,,1:Net-(U14-VDD1A); 2:GND
#PWR0114,1,GND,DVB_Power:GND,320.675,306.705,180,,1:None
#PWR0119,1,GND,DVB_Power:GND,335.28,306.705,180,,1:None
#PWR0115,1,GND,DVB_Power:GND,340.36,295.275,180,,1:None
#PWR0113,1,GND,DVB_Power:GND,325.755,295.275,180,,1:None
R47,1,R_0020,DVB_R:R_0020,349.25,361.315,0,x,1:GND; 2:Net-(J2-RLED+)
#PWR0145,1,GND,DVB_Power:GND,349.25,365.125,0,y,1:None
C79,1,C_0002,DVB_C:C_0002,464.82,33.02,0,y,1:+3.3V; 2:GND
C78,1,C_0002,DVB_C:C_0002,458.47,33.02,0,y,1:+3.3V; 2:GND
#PWR0108,1,+3.3V,DVB_Power:+3.3V,458.47,29.21,0,,1:None
J2,1,RJ45_Abracon_ARJP11A-MASA-B-A-EMU2,Connector:RJ45_Abracon_ARJP11A-MASA-B-A-EMU2,382.905,327.025,0,,1:/TX_P; 10:GND; 11:Net-(J2-LLED+); 12:Net-(J2-LLED-); 13:Net-(J2-RLED+); 14:Net-(J2-RLED-); 15:GND; 2:/TX_N; 3:/RX_P; 4:Net-(U14-VDD1A); 5:Net-(U14-VDD1A); 6:/RX_N; 7:GND; 9:Net-(J2-V+)
#PWR0111,1,GND,DVB_Power:GND,349.25,71.755,0,,1:None
#PWR0112,1,+3.3V,DVB_Power:+3.3V,349.25,56.515,0,,1:None
#PWR0127,1,GND,DVB_Power:GND,397.51,73.025,270,x,1:None
#PWR0109,1,GND,DVB_Power:GND,458.47,36.83,0,,1:None
C75,1,C_0045,DVB_C:C_0045,386.715,80.645,0,,1:Net-(U2-VFBSMPS); 2:GND
C76,1,C_0045,DVB_C:C_0045,393.065,80.645,0,,1:Net-(U2-VFBSMPS); 2:GND
U1,1,U_0076,DVB_U:U_0076,59.69,201.93,0,,1:Net-(D2-A); 2:GND; 3:Net-(U1-FB); 4:/12V_EN; 5:+3.3V
D2,1,D_0021,DVB_D:D_0021,77.47,189.865,180,,1:+12V; 2:Net-(D2-A)
L1,1,L_0011,DVB_L:L_0011,59.69,189.865,0,,1:+3.3V; 2:Net-(D2-A)
#PWR0110,1,+3.3V,DVB_Power:+3.3V,468.63,45.085,0,,1:None
#PWR0120,1,GND,DVB_Power:GND,358.775,76.835,0,y,1:None
R41,1,R_0064,DVB_R:R_0064,184.785,74.93,180,,1:GND; 2:/CIS_LED_B
#PWR0199,1,GND,DVB_Power:GND,184.785,78.74,0,,1:None
R20,1,R_0064,DVB_R:R_0064,159.385,74.93,180,,1:GND; 2:/CIS_LED_R
R24,1,R_0064,DVB_R:R_0064,172.085,74.93,180,,1:GND; 2:/CIS_LED_G
#PWR0200,1,GND,DVB_Power:GND,172.085,78.74,0,,1:None
#PWR0201,1,GND,DVB_Power:GND,159.385,78.74,0,,1:None
#PWR0159,1,GND,DVB_Power:GND,60.325,79.375,90,,1:None
#PWR0160,1,+12V,DVB_Power:+12V,60.325,133.985,0,,1:None
#PWR0128,1,+3.3V,DVB_Power:+3.3V,423.545,50.165,0,,1:None
R52,1,NC,DVB_R:R_0020,423.545,53.975,0,,1:+3.3V; 2:Net-(U2-BOOT0)
#PWR0161,1,GND,DVB_Power:GND,60.325,92.075,90,,1:None
#PWR0162,1,GND,DVB_Power:GND,60.325,94.615,90,,1:None
R5,1,R_0028,DVB_R:R_0028,64.135,102.235,270,,1:GND; 2:Net-(K1-IREF)
#PWR0163,1,GND,DVB_Power:GND,67.945,102.235,90,,1:None
#PWR0164,1,GND,DVB_Power:GND,67.945,125.73,90,,1:None
#PWR0121,1,GND,DVB_Power:GND,367.665,84.455,0,y,1:None
#PWR0129,1,+3.3V,DVB_Power:+3.3V,438.15,57.785,0,,1:None
#PWR0253,1,GND,DVB_Power:GND,276.225,252.73,0,y,1:None
C70,1,C_0002,DVB_C:C_0002,290.83,248.285,0,x,1:GND; 2:Net-(U8-REGOUT)
C52,1,C_0002,DVB_C:C_0002,173.355,109.855,0,,1:AVDD; 2:GND
#PWR0254,1,GND,DVB_Power:GND,290.83,252.095,0,y,1:None
#PWR0255,1,+3.3V,DVB_Power:+3.3V,276.225,227.33,0,,1:None
#PWR0101,1,GND,DVB_Power:GND,410.21,272.415,0,,1:None
C62,1,C_0002,DVB_C:C_0002,250.825,221.615,0,y,1:+3.3V; 2:GND
#PWR0256,1,+3.3V,DVB_Power:+3.3V,244.475,217.805,0,,1:None
#PWR0257,1,GND,DVB_Power:GND,244.475,225.425,0,,1:None
#PWR0258,1,GND,DVB_Power:GND,250.825,225.425,0,,1:None
#PWR0259,1,GND,DVB_Power:GND,257.175,225.425,0,,1:None
C87,1,C_0002,DVB_C:C_0002,372.11,41.275,0,x,1:GND; 2:/RST
#PWR01,1,GND,DVB_Power:GND,372.11,45.085,0,y,1:None
C80,1,C_0063,DVB_C:C_0063,471.17,33.02,0,,1:+3.3V; 2:GND
C60,1,C_0001,DVB_C:C_0001,244.475,221.615,180,,1:GND; 2:+3.3V
#PWR0165,1,GND,DVB_Power:GND,67.945,85.725,90,,1:None
#PWR0166,1,GND,DVB_Power:GND,60.325,149.225,0,,1:None
#PWR0167,1,GND,DVB_Power:GND,67.945,118.11,90,,1:None
#PWR0122,1,GND,DVB_Power:GND,349.885,107.315,0,y,1:None
#PWR0168,1,GND,DVB_Power:GND,67.945,109.855,90,,1:None
#PWR0169,1,+3.3V,DVB_Power:+3.3V,60.325,83.185,0,,1:None
#PWR0124,1,GND,DVB_Power:GND,358.775,94.615,0,x,1:None
C11,1,C_0036,DVB_C:C_0036,60.325,145.415,0,,1:+12V; 2:GND
C16,1,C_0036,DVB_C:C_0036,64.135,118.11,90,,1:Net-(K1-VCOMH); 2:GND
C77,1,C_0063,DVB_C:C_0063,448.945,33.02,0,,1:+3.3V; 2:GND
C73,1,C_0063,DVB_C:C_0063,374.015,80.645,0,,1:Net-(U2-VFBSMPS); 2:GND
C74,1,C_0063,DVB_C:C_0063,380.365,80.645,0,,1:Net-(U2-VFBSMPS); 2:GND
#PWR0125,1,GND,DVB_Power:GND,420.37,50.165,0,x,1:None
C66,1,C_0063,DVB_C:C_0063,257.175,221.615,0,,1:+3.3V; 2:GND
#PWR0175,1,GND,DVB_Power:GND,173.355,113.665,0,,1:None
C30,1,C_0036,DVB_C:C_0036,115.57,193.675,0,,1:+12V; 2:GND
#PWR015,1,GND,DVB_Power:GND,366.395,174.625,90,,1:None
C1,1,C_0002,DVB_C:C_0002,417.195,33.02,0,y,1:+3.3V; 2:GND
C3,1,C_0002,DVB_C:C_0002,423.545,33.02,0,y,1:+3.3V; 2:GND
C32,1,C_0002,DVB_C:C_0002,429.895,33.02,0,y,1:+3.3V; 2:GND
C33,1,C_0002,DVB_C:C_0002,436.245,33.02,0,y,1:+3.3V; 2:GND
C34,1,C_0002,DVB_C:C_0002,442.595,33.02,0,y,1:+3.3V; 2:GND
U6,1,U_0097,DVB_U:U_0097,128.905,109.22,0,,1:+3.3V; 10:unconnected-(U6-B4-Pad10); 11:/CIS_CP_TTL; 12:/CIS_SP_TTL; 13:/CIS_RS_TTL; 14:AVDD; 2:/CIS_RS; 3:/CIS_SP; 4:/CIS_CP; 5:unconnected-(U6-A4-Pad5); 6:unconnected-(U6-NC-Pad6); 7:GND; 8:+3.3V; 9:unconnected-(U6-NC-Pad9)
#PWR0203,1,GND,DVB_Power:GND,141.605,116.84,90,,1:None
#PWR0204,1,+3.3V,DVB_Power:+3.3V,116.205,101.6,0,,1:None
C48,1,C_0040,DVB_C:C_0040,167.005,109.855,180,,1:GND; 2:AVDD
#PWR0192,1,GND,DVB_Power:GND,400.685,354.965,90,x,1:None
XO2,1,XO_0004,DVB_XO:XO_0004,358.775,99.695,0,,1:Net-(U2-PH0); 2:GND; 3:Net-(U2-PH1); 4:GND
R53,1,R_0020,DVB_R:R_0020,429.26,53.975,0,,1:+3.3V; 2:Net-(U2-PDR_ON)
#PWR0130,1,+3.3V,DVB_Power:+3.3V,429.26,50.165,0,,1:None
#PWR0233,1,GND,DVB_Power:GND,167.005,113.665,0,,1:None
#PWR0205,1,GND,DVB_Power:GND,391.795,36.83,0,,1:None
#PWR0206,1,GND,DVB_Power:GND,398.145,36.83,0,,1:None
#PWR0207,1,GND,DVB_Power:GND,404.495,36.83,0,,1:None
#PWR0208,1,GND,DVB_Power:GND,410.845,36.83,0,,1:None
#PWR0209,1,GND,DVB_Power:GND,417.195,36.83,0,,1:None
#PWR0210,1,GND,DVB_Power:GND,423.545,36.83,0,,1:None
#PWR0211,1,GND,DVB_Power:GND,429.895,36.83,0,,1:None
#PWR0212,1,GND,DVB_Power:GND,442.595,36.83,0,,1:None
#PWR0213,1,GND,DVB_Power:GND,436.245,36.83,0,,1:None
#PWR0214,1,GND,DVB_Power:GND,448.945,36.83,0,,1:None
#PWR07,1,+3.3V,DVB_Power:+3.3V,26.67,189.865,0,,1:None
#PWR0215,1,GND,DVB_Power:GND,464.82,36.83,0,,1:None
#PWR0216,1,GND,DVB_Power:GND,471.17,36.83,0,,1:None
#PWR0218,1,GND,DVB_Power:GND,512.445,36.83,0,,1:None
#PWR0219,1,GND,DVB_Power:GND,490.22,46.99,0,,1:None
#PWR0126,1,+3.3V,DVB_Power:+3.3V,443.23,57.785,0,,1:None
#PWR0220,1,GND,DVB_Power:GND,374.015,84.455,0,y,1:None
#PWR0221,1,GND,DVB_Power:GND,380.365,84.455,0,y,1:None
#PWR0222,1,GND,DVB_Power:GND,386.715,84.455,0,y,1:None
#PWR0223,1,GND,DVB_Power:GND,393.065,84.455,0,y,1:None
#PWR0172,1,GND,DVB_Power:GND,115.57,346.075,0,,1:None
#PWR0170,1,+3.3V,DVB_Power:+3.3V,60.325,74.295,270,,1:None
#PWR0144,1,GND,DVB_Power:GND,365.125,319.405,270,x,1:None
C35,1,C_0040,DVB_C:C_0040,114.935,297.18,180,,1:GND; 2:+3.3V
#PWR0176,1,GND,DVB_Power:GND,114.935,300.99,0,,1:None
#FLG0102,1,P_FLG,DVB_Power:P_FLG,114.935,293.37,270,,1:None
#PWR0177,1,+3.3V,DVB_Power:+3.3V,114.935,293.37,0,,1:None
U5,1,U_0081,DVB_U:U_0081,59.69,342.265,0,,1:Net-(C14-Pad1); 2:Net-(C14-Pad1); 3:Net-(U5-ADJ); 4:GND; 5:Net-(U5-EN); 6:unconnected-(U5-NC-Pad6); 7:Net-(U5-EN); 8:Net-(U5-EN); 9:GND
#PWR0131,1,VREF+,DVB_Power:VREF+,115.57,338.455,0,,1:None
R9,1,R_0102,DVB_R:R_0102,81.28,342.265,0,,1:Net-(C14-Pad1); 2:Net-(U5-ADJ)
C38,1,C_0002,DVB_C:C_0002,145.415,101.6,90,x,1:AVDD; 2:GND
#PWR0226,1,GND,DVB_Power:GND,149.225,101.6,90,,1:None
#PWR0184,1,+3.3V,DVB_Power:+3.3V,345.44,295.275,0,,1:None
#PWR0185,1,+3.3V,DVB_Power:+3.3V,297.18,368.935,0,,1:None
#PWR0186,1,GND,DVB_Power:GND,362.585,304.165,270,,1:None
#PWR0187,1,+15V,DVB_Power:+15V,357.505,309.245,0,,1:None
#FLG0104,1,P_FLG,DVB_Power:P_FLG,357.505,309.245,180,,1:None
R6,1,R_0121,DVB_R:R_0121,81.28,349.885,0,,1:Net-(U5-ADJ); 2:GND
#PWR0132,1,GND,DVB_Power:GND,71.12,346.075,90,,1:None
#PWR0227,1,GND,DVB_Power:GND,108.585,101.6,270,,1:None
C18,1,C_0044,DVB_C:C_0044,64.135,125.73,90,,1:Net-(K1-VP); 2:GND
#PWR0133,1,GND,DVB_Power:GND,81.28,353.695,0,,1:None
C15,1,C_0044,DVB_C:C_0044,64.135,109.855,90,,1:Net-(K1-VLOGIC); 2:GND
C81,1,C_0044,DVB_C:C_0044,483.87,43.18,180,,1:GND; 2:Net-(U2-VDDA)
C89,1,C_0002,DVB_C:C_0002,83.82,288.29,0,y,1:Net-(U4-BST); 2:Net-(C89-Pad2)
L4,1,L_0002,DVB_L:L_0002,87.63,293.37,0,,1:Net-(C89-Pad2); 2:+3.3V
#PWR0228,1,+3.3V,DVB_Power:+3.3V,116.205,116.84,90,,1:None
C29,1,C_0002,DVB_C:C_0002,112.395,101.6,270,,1:+3.3V; 2:GND
R49,1,R_0053,DVB_R:R_0053,361.315,360.045,270,,1:Net-(J2-RLED-); 2:GND
#PWR0146,1,GND,DVB_Power:GND,356.87,360.045,270,x,1:None
#PWR0188,1,+3.3V,DVB_Power:+3.3V,176.53,317.5,0,,1:None
C88,1,C_0044,DVB_C:C_0044,43.815,306.07,180,,1:GND; 2:Net-(U4-INTVcc)
C83,1,C_0044,DVB_C:C_0044,499.745,33.02,180,,1:GND; 2:VERF+
C13,1,C_0044,DVB_C:C_0044,64.135,85.725,90,,1:+3.3V; 2:GND
R48,1,R_0053,DVB_R:R_0053,361.315,354.965,270,,1:Net-(J2-LLED-); 2:GND
#PWR0147,1,GND,DVB_Power:GND,356.87,354.965,270,x,1:None
K2,1,K_0072,DVB_K:K_0072,140.97,50.8,270,x,1:/CIS_VLED_B; 10:Net-(K2-Pin_10); 11:Net-(K2-Pin_11); 12:Net-(K2-Pin_12); 2:/CIS_VLED_R; 3:/CIS_VLED_G; 4:+5V; 5:Net-(K2-Pin_5); 6:GND; 7:/CIS_SP_TTL; 8:AVDD; 9:/CIS_RS_TTL
L5,1,L_0017,DVB_L:L_0017,349.25,60.325,90,,1:Net-(U2-VDDSMPS); 2:+3.3V
R23,1,R_0170,DVB_R:R_0170,164.465,61.595,0,,1:/CIS_VLED_R; 2:Net-(Q1-D)
R25,1,R_0171,DVB_R:R_0171,177.165,61.595,0,,1:/CIS_VLED_G; 2:Net-(Q2-D)
R44,1,R_0172,DVB_R:R_0172,189.865,61.595,0,,1:/CIS_VLED_B; 2:Net-(Q3-D)
#PWR0135,1,VREF+,DVB_Power:VREF+,499.745,29.21,0,,1:None
#PWR013,1,GND,DVB_Power:GND,62.865,308.61,0,,1:None
R3,1,R_0030,DVB_R:R_0030,57.785,312.42,0,,1:Net-(U4-RT); 2:GND
#PWR012,1,GND,DVB_Power:GND,57.785,316.23,0,,1:None
#PWR0189,1,GND,DVB_Power:GND,81.28,209.55,0,,1:None
#PWR0190,1,GND,DVB_Power:GND,73.66,205.74,90,,1:None
#PWR010,1,GND,DVB_Power:GND,43.815,309.88,0,,1:None
C20,1,C_0001,DVB_C:C_0001,37.465,306.07,180,,1:GND; 2:Net-(U4-TR/SS)
#PWR08,1,GND,DVB_Power:GND,37.465,309.88,0,,1:None
C9,1,C_0003,DVB_C:C_0003,26.67,342.265,0,x,1:GND; 2:Net-(U5-EN)
L6,1,L_0018,DVB_L:L_0018,367.665,73.025,90,,1:Net-(U2-VFBSMPS); 2:Net-(U2-VLXSMPS)
C82,1,C_0002,DVB_C:C_0002,490.22,43.18,0,y,1:Net-(U2-VDDA); 2:GND
U2,1,U_0131,DVB_U:U_0131,458.47,165.735,0,,A1:GND; A10:/FMC_D3; A11:/MEMS_FSYNC; A12:/SWD-CLK; A13:Net-(U2-VFBSMPS); A14:Net-(U2-VFBSMPS); A15:GND; A2:/OLED_RESET; A3:Net-(U2-VFBSMPS); A4:Net-(U2-VFBSMPS); A5:/DEBUG_TX; A6:unconnected-(U2-PB3-PadA6); A7:/RMII_TX_EN; A8:unconnected-(U2-PG9-PadA8); A9:/MEMS_SCLK; B1:/DAC_LRCK; B10:unconnected-(U2-PD2-PadB10); B11:unconnected-(U2-PC12-PadB11); B12:unconnected-(U2-PH14-PadB12); B13:/SWD-IO; B14:unconnected-(U2-PA8-PadB14); B15:/CIS_RS; B2:unconnected-(U2-PE3-PadB2); B3:/MEMS_CS; B4:unconnected-(U2-PE0-PadB4); B5:/DEBUG_RX; B6:unconnected-(U2-PB4-PadB6); B7:/RMII_TXD0; B8:/FMC_NEx; B9:/FMC_NWE; C1:/DAC_FLT; C10:/FMC_D2; C11:unconnected-(U2-PC11-PadC11); C12:unconnected-(U2-PC10-PadC12); C13:unconnected-(U2-PH13-PadC13); C14:unconnected-(U2-PA10-PadC14); C15:unconnected-(U2-PA11-PadC15); C2:GND; C3:/DAC_SCK; C4:unconnected-(U2-PE1-PadC4); C5:Net-(U2-BOOT0); C6:unconnected-(U2-PB5-PadC6); C7:/RMII_TXD1; C8:unconnected-(U2-PG10-PadC8); C9:/FMC_NOE; D1:unconnected-(U2-PC15-PadD1); D10:GND; D11:+3.3V; D12:unconnected-(U2-PH15-PadD12); D13:/CIS_CP; D14:/CIS_SP; D15:unconnected-(U2-PC7-PadD15); D2:/ETH_RST; D3:/DAC_BCK; D4:Net-(U2-PDR_ON); D5:+3.3V; D6:GND; D7:unconnected-(U2-PG15-PadD7); D8:unconnected-(U2-PG12-PadD8); D9:/DAC_DIN; E1:GND; E12:+3.3V; E13:unconnected-(U2-PC9-PadE13); E14:/CIS_LED_B; E15:+3.3V; E2:+3.3V; E3:unconnected-(U2-PE6-PadE3); E4:+3.3V; F1:Net-(U2-VLXSMPS); F10:GND; F12:GND; F13:+3.3V; F14:unconnected-(U2-PG6-PadF14); F15:/12V_EN; F2:GND; F2:GND; F3:unconnected-(U2-PF1-PadF3); F4:/FMC_Ax; F6:GND; F7:GND; F8:GND; F9:GND; G1:Net-(U2-VDDSMPS); G10:GND; G12:unconnected-(U2-PG8-PadG12); G13:unconnected-(U2-PG7-PadG13); G14:unconnected-(U2-PG4-PadG14); G15:/5V_EN; G2:Net-(U2-VFBSMPS); G3:unconnected-(U2-PF2-PadG3); G4:+3.3V; G6:GND; G7:GND; G8:GND; G9:GND; H1:/QSPI_IO3; H10:GND; H12:+3.3V; H13:unconnected-(U2-PG3-PadH13); H14:/FMC_D0; H15:/CIS_LED_R; H2:unconnected-(U2-PF4-PadH2); H3:unconnected-(U2-PF5-PadH3); H4:unconnected-(U2-PF3-PadH4); H6:GND; H7:GND; H8:GND; H9:GND; J1:Net-(U2-PH0); J10:GND; J12:/FMC_D1; J13:unconnected-(U2-PD11-PadJ13); J14:GND; J15:unconnected-(U2-PD12-PadJ15); J2:/QSPI_IO0; J3:/QSPI_IO2; J4:/QSPI_IO1; J6:GND; J7:GND; J8:GND; J9:GND; K1:Net-(U2-PH1); K10:GND; K12:GND; K13:unconnected-(U2-PD9-PadK13); K14:/MEMS_MOSI; K15:/MEMS_MISO; K2:GND; K3:/QSPI_CLK; K4:+3.3V; K6:GND; K7:GND; K8:GND; K9:GND; L1:/RST; L12:+3.3V; L13:unconnected-(U2-PD10-PadL13); L14:/MEMS_INT; L15:unconnected-(U2-PB13-PadL15); L2:unconnected-(U2-PC0-PadL2); L3:/RMII_MDC; L4:GND; M1:/DAC_XSMT; M10:GND; M11:unconnected-(U2-PH7-PadM11); M12:/SW_3; M13:unconnected-(U2-PH11-PadM13); M14:unconnected-(U2-PH9-PadM14); M15:unconnected-(U2-PB12-PadM15); M2:unconnected-(U2-PC3-PadM2); M3:VERF+; M4:Net-(U2-VDDA); M5:+3.3V; M6:GND; M7:/RMII_RXD1; M8:unconnected-(U2-PB1-PadM8); M9:+3.3V; N1:unconnected-(U2-PC2_C-PadN1); N10:unconnected-(U2-PF15-PadN10); N11:unconnected-(U2-PF13-PadN11); N12:/QSPI_nCS; N13:unconnected-(U2-PH8-PadN13); N14:unconnected-(U2-PH10-PadN14); N15:/CIS_LED_G; N2:/CIS_ADC_3; N3:GND; N3:GND; N4:unconnected-(U2-PH2-PadN4); N5:unconnected-(U2-PA3-PadN5); N6:/RMII_CRS_DV; N7:unconnected-(U2-PF11-PadN7); N8:/FMC_D5; N9:unconnected-(U2-PG1-PadN9); P1:unconnected-(U2-PA0-PadP1); P10:unconnected-(U2-PB11-PadP10); P11:unconnected-(U2-PF12-PadP11); P12:/LED3; P13:/SW_2; P14:/SW_1; P15:/LED1; P2:/RMII_REF_CLK; P3:/CIS_ADC_2; P4:unconnected-(U2-PH4-PadP4); P5:unconnected-(U2-PA4-PadP5); P6:unconnected-(U2-PA5-PadP6); P7:unconnected-(U2-PB2-PadP7); P8:unconnected-(U2-PG0-PadP8); P9:/FMC_D4; R1:GND; R10:unconnected-(U2-PF14-PadR10); R11:/FMC_D6; R12:/LED2; R13:Net-(U2-VFBSMPS); R14:Net-(U2-VFBSMPS); R15:GND; R2:/RMII_MDIO; R3:/CIS_ADC_1; R4:/DAC_DEMP; R5:unconnected-(U2-PH5-PadR5); R6:/RMII_RXD0; R7:unconnected-(U2-PA6-PadR7); R8:unconnected-(U2-PB0-PadR8); R9:/FMC_D7
#PWR09,1,GND,DVB_Power:GND,43.815,287.02,270,,1:None
R12,1,R_0001,DVB_R:R_0001,121.92,59.69,90,,1:/CIS_ADC_3; 2:Net-(K2-Pin_12)
C4,1,C_0003,DVB_C:C_0003,26.67,193.675,0,x,1:GND; 2:+3.3V
#PWR0136,1,GND,DVB_Power:GND,483.87,46.99,0,,1:None
#PWR04,1,GND,DVB_Power:GND,26.035,288.29,0,,1:None
C84,1,C_0002,DVB_C:C_0002,512.445,33.02,0,y,1:VERF+; 2:GND
#PWR0137,1,GND,DVB_Power:GND,499.745,36.83,0,,1:None
#PWR0139,1,GND,DVB_Power:GND,494.03,57.785,180,,1:None
L7,1,L_0010,DVB_L:L_0010,483.87,33.02,270,,1:+3.3V; 2:Net-(U2-VDDA)
K1,1,K_0073,DVB_K:K_0073,52.705,84.455,90,,1:unconnected-(K1-NC-Pad1); 10:GND; 11:GND; 12:+3.3V; 13:GND; 14:+3.3V; 15:+3.3V; 16:+3.3V; 17:/FMC_NEx; 18:/OLED_RESET; 19:/FMC_Ax; 2:+12V; 20:/FMC_NWE; 21:/FMC_NOE; 22:/FMC_D0; 23:/FMC_D1; 24:/FMC_D2; 25:/FMC_D3; 26:/FMC_D4; 27:/FMC_D5; 28:/FMC_D6; 29:/FMC_D7; 3:Net-(K1-VP); 30:unconnected-(K1-NC-Pad30); 31:+12V; 4:Net-(K1-VCOMH); 5:Net-(K1-VLOGIC); 6:+12V; 7:Net-(K1-IREF); 8:+12V; 9:unconnected-(K1-NC-Pad9)
#PWR02,1,+15V,DVB_Power:+15V,26.035,280.67,0,,1:None
#PWR0191,1,GND,DVB_Power:GND,26.67,197.485,0,,1:None
#PWR0141,1,+3.3V,DVB_Power:+3.3V,483.87,29.21,0,,1:None
C36,1,C_0080,DVB_C:C_0080,358.775,73.025,0,,1:Net-(U2-VLXSMPS); 2:GND
C90,1,C_0040,DVB_C:C_0040,103.505,297.18,180,,1:GND; 2:+3.3V
#PWR014,1,GND,DVB_Power:GND,103.505,300.99,0,,1:None
#PWR0143,1,VREF+,DVB_Power:VREF+,483.87,57.785,0,,1:None
C7,1,C_0036,DVB_C:C_0036,26.035,284.48,180,,1:GND; 2:+15
R13,1,R_0001,DVB_R:R_0001,121.92,65.405,90,,1:/CIS_ADC_2; 2:Net-(K2-Pin_11)
R14,1,R_0001,DVB_R:R_0001,121.92,71.12,90,,1:/CIS_ADC_1; 2:Net-(K2-Pin_10)
#PWR0194,1,GND,DVB_Power:GND,115.57,197.485,0,,1:None
#PWR0195,1,+12V,DVB_Power:+12V,115.57,189.865,0,,1:None
R15,1,R_0134,DVB_R:R_0134,143.51,69.85,0,,1:Net-(K2-Pin_5); 2:/CIS_CP_TTL
Q1,1,Q_0002,DVB_Q:Q_0002,161.925,69.85,0,,1:/CIS_LED_R; 2:GND; 3:Net-(Q1-D)
Q2,1,Q_0002,DVB_Q:Q_0002,174.625,69.85,0,,1:/CIS_LED_G; 2:GND; 3:Net-(Q2-D)
Q3,1,Q_0002,DVB_Q:Q_0002,187.325,69.85,0,,1:/CIS_LED_B; 2:GND; 3:Net-(Q3-D)
#PWR0196,1,GND,DVB_Power:GND,164.465,74.295,0,,1:None
#PWR0197,1,GND,DVB_Power:GND,177.165,74.295,0,,1:None
#PWR0198,1,GND,DVB_Power:GND,189.865,74.295,0,,1:None
C37,1,C_0001,DVB_C:C_0001,138.43,69.85,180,,1:GND; 2:Net-(K2-Pin_5)
#PWR0230,1,+5V,DVB_Power:+5V,146.05,55.88,180,,1:None
#PWR0229,1,GND,DVB_Power:GND,140.97,55.88,0,,1:None
U4,1,U_0134,DVB_U:U_0134,59.055,292.1,0,,1:GND; 10:Net-(C89-Pad2); 11:Net-(C89-Pad2); 12:Net-(U4-BST); 13:Net-(U4-INTVcc); 14:+3.3V; 15:unconnected-(U4-PG-Pad15); 16:+3.3V; 17:GND; 2:Net-(U4-TR/SS); 3:Net-(U4-RT); 4:+15; 5:+15; 6:+15; 7:unconnected-(U4-NC-Pad7); 8:GND; 9:Net-(C89-Pad2)
#FLG0105,1,P_FLG,DVB_Power:P_FLG,115.57,189.865,270,,1:None
U8,1,U_0133,DVB_U:U_0133,276.225,240.03,0,,1:+3.3V; 10:GND; 11:GND; 12:GND; 13:GND; 14:Net-(U8-REGOUT); 15:GND; 16:+3.3V; 2:/MEMS_SCLK; 3:/MEMS_MOSI; 4:/MEMS_MISO; 5:/MEMS_CS; 6:/MEMS_INT; 7:unconnected-(U8-RESV-Pad7); 8:/MEMS_FSYNC; 9:GND
#PWR0232,1,GND,DVB_Power:GND,138.43,73.66,0,,1:None
#FLG0106,1,P_FLG,DVB_Power:P_FLG,367.665,69.215,0,,1:None
#FLG0107,1,P_FLG,DVB_Power:P_FLG,367.665,64.135,0,,1:None
#FLG0108,1,P_FLG,DVB_Power:P_FLG,374.015,76.835,0,,1:None
#FLG0109,1,P_FLG,DVB_Power:P_FLG,490.22,39.37,0,,1:None
F1,1,F_0002,DVB_F:F_0002,361.315,309.245,270,,1:Net-(J2-V+); 2:+15
SW1,1,SW_0003,DVB_SW:SW_0003,191.77,203.835,90,,1:unconnected-(SW1-Pad1); 2:GND; 3:Net-(R26-Pad2); 4:unconnected-(SW1-Pad4)
R42,1,R_0020,DVB_R:R_0020,204.47,192.405,0,,1:+3.3V; 2:/SW_1
R26,1,R_0005,DVB_R:R_0005,200.66,198.755,270,,1:/SW_1; 2:Net-(R26-Pad2)
C53,1,C_0002,DVB_C:C_0002,204.47,205.105,0,y,1:/SW_1; 2:GND
#PWR0238,1,GND,DVB_Power:GND,204.47,208.915,0,,1:None
#PWR0239,1,+3.3V,DVB_Power:+3.3V,204.47,188.595,0,,1:None
#PWR0240,1,GND,DVB_Power:GND,196.85,208.915,0,,1:None
SW2,1,SW_0003,DVB_SW:SW_0003,144.78,204.47,90,,1:unconnected-(SW2-Pad1); 2:GND; 3:Net-(R27-Pad2); 4:unconnected-(SW2-Pad4)
R43,1,R_0020,DVB_R:R_0020,157.48,193.04,0,,1:+3.3V; 2:/SW_2
R27,1,R_0005,DVB_R:R_0005,153.67,199.39,270,,1:/SW_2; 2:Net-(R27-Pad2)
C56,1,C_0002,DVB_C:C_0002,157.48,205.74,0,y,1:/SW_2; 2:GND
#PWR0244,1,GND,DVB_Power:GND,157.48,209.55,0,,1:None
#PWR0245,1,+3.3V,DVB_Power:+3.3V,157.48,189.23,0,,1:None
#PWR0246,1,GND,DVB_Power:GND,149.86,209.55,0,,1:None
SW3,1,SW_0003,DVB_SW:SW_0003,168.275,203.835,90,,1:unconnected-(SW3-Pad1); 2:GND; 3:Net-(R19-Pad2); 4:unconnected-(SW3-Pad4)
R22,1,R_0020,DVB_R:R_0020,180.975,192.405,0,,1:+3.3V; 2:/SW_3
R19,1,R_0005,DVB_R:R_0005,177.165,198.755,270,,1:/SW_3; 2:Net-(R19-Pad2)
C42,1,C_0002,DVB_C:C_0002,180.975,205.105,0,y,1:/SW_3; 2:GND
#PWR0247,1,GND,DVB_Power:GND,180.975,208.915,0,,1:None
#PWR0248,1,+3.3V,DVB_Power:+3.3V,180.975,188.595,0,,1:None
#PWR0249,1,GND,DVB_Power:GND,173.355,208.915,0,,1:None
C69,1,C_0044,DVB_C:C_0044,468.63,48.895,180,,1:GND; 2:+3.3V
#PWR030,1,GND,DVB_Power:GND,111.76,80.01,0,,1:None
#PWR033,1,+5V,DVB_Power:+5V,115.57,253.365,0,,1:None
#PWR0154,1,+3.3V,DVB_Power:+3.3V,180.975,252.095,0,,1:None
C72,1,C_0003,DVB_C:C_0003,367.665,80.645,0,x,1:GND; 2:Net-(U2-VFBSMPS)
D4,1,D_0001,DVB_D:D_0001,180.975,255.905,270,x,1:Net-(D4-K); 2:+3.3V
R11,1,R_0020,DVB_R:R_0020,176.53,374.65,180,,1:GND; 2:/ETH_RST
L8,1,L_0017,DVB_L:L_0017,26.67,222.885,90,,1:Net-(U3-Vin); 2:+15
#PWR0148,1,GND,DVB_Power:GND,273.05,77.47,0,,1:None
C28,1,C_0028,DVB_C:C_0028,118.11,76.2,180,,1:GND; 2:/CIS_ADC_1
#PWR036,1,AVDD,DVB_Power:AVDD,135.89,55.88,180,,1:None
#PWR0150,1,+3.3V,DVB_Power:+3.3V,241.3,81.28,0,,1:None
#PWR0123,1,GND,DVB_Power:GND,267.97,99.06,0,,1:None
#PWR043,1,+3.3V,DVB_Power:+3.3V,296.545,210.185,0,,1:None
U7,1,U_0138,DVB_U:U_0138,262.89,88.9,0,,1:/QSPI_nCS; 2:/QSPI_IO1; 3:/QSPI_IO2; 4:GND; 5:/QSPI_IO0; 6:/QSPI_CLK; 7:/QSPI_IO3; 8:+3.3V
#PWR0138,1,AVDD,DVB_Power:AVDD,173.355,106.045,0,,1:None
#PWR023,1,GND,DVB_Power:GND,45.72,257.175,270,,1:None
L3,1,L_0017,DVB_L:L_0017,102.235,226.695,180,,1:AVDD; 2:Net-(U3-Vout)
R18,1,R_0053,DVB_R:R_0053,171.45,263.525,0,,1:Net-(D3-K); 2:/LED1
#PWR027,1,GND,DVB_Power:GND,88.9,234.315,0,,1:None
R2,1,R_0064,DVB_R:R_0064,296.545,213.995,180,,1:/MEMS_INT; 2:+3.3V
R16,1,R_0053,DVB_R:R_0053,189.865,263.525,0,,1:Net-(D1-K); 2:/LED3
C64,1,C_0036,DVB_C:C_0036,88.9,257.175,0,,1:+5V; 2:GND
R35,1,R_0175,DVB_R:R_0175,164.465,344.17,90,,1:/RMII_RXD1; 2:Net-(U14-RXD1/MODE1)
#PWR019,1,GND,DVB_Power:GND,26.67,260.985,0,,1:None
C31,1,C_0044,DVB_C:C_0044,35.56,230.505,180,,1:GND; 2:Net-(U3-Vin)
#PWR035,1,GND,DVB_Power:GND,118.11,80.01,0,,1:None
C19,1,C_0003,DVB_C:C_0003,26.67,257.175,0,y,1:+15; 2:GND
#PWR024,1,GND,DVB_Power:GND,73.66,241.935,0,,1:None
C58,1,C_0001,DVB_C:C_0001,73.66,238.125,0,,1:Net-(U3-BPASS); 2:GND
C41,1,C_0044,DVB_C:C_0044,287.655,375.285,180,,1:GND; 2:Net-(U14-VDDCR)
#PWR039,1,+3.3V,DVB_Power:+3.3V,372.11,29.845,0,,1:None
K3,1,K_0100,DVB_K:K_0100,354.965,172.085,0,,1:/DEBUG_RX; 2:/DEBUG_TX; 3:/RST; 4:/SWD-CLK; 5:/SWD-IO; 6:GND
L9,1,L_0017,DVB_L:L_0017,26.67,334.645,90,,1:Net-(U5-EN); 2:AVDD
#PWR041,1,GND,DVB_Power:GND,488.95,57.785,180,,1:None
C51,1,C_0044,DVB_C:C_0044,35.56,257.175,180,,1:GND; 2:+15
#PWR040,1,GND,DVB_Power:GND,506.095,36.83,0,,1:None
#PWR018,1,+15V,DVB_Power:+15V,26.67,253.365,0,,1:None
C65,1,C_0040,DVB_C:C_0040,115.57,230.505,180,,1:GND; 2:AVDD
#PWR025,1,GND,DVB_Power:GND,73.66,268.605,0,,1:None
#PWR026,1,GND,DVB_Power:GND,91.44,346.075,0,,1:None
L10,1,L_0017,DVB_L:L_0017,109.22,338.455,180,,1:VERF+; 2:Net-(C14-Pad1)
R29,1,R_0175,DVB_R:R_0175,302.26,306.705,0,,1:Net-(U14-VDD1A); 2:/TX_N
R40,1,R_0175,DVB_R:R_0175,164.465,369.57,270,,1:Net-(U14-nINT/REFCLKO); 2:/RMII_REF_CLK
C5,1,C_0003,DVB_C:C_0003,26.67,230.505,0,y,1:Net-(U3-Vin); 2:GND
#FLG01,1,P_FLG,DVB_Power:P_FLG,115.57,226.695,270,,1:None
#PWR0134,1,GND,DVB_Power:GND,176.53,378.46,0,,1:None
#PWR017,1,GND,DVB_Power:GND,26.67,234.315,0,,1:None
C63,1,C_0036,DVB_C:C_0036,88.9,230.505,0,,1:Net-(U3-Vout); 2:GND
C68,1,C_0003,DVB_C:C_0003,506.095,33.02,0,x,1:GND; 2:VERF+
R21,1,R_0053,DVB_R:R_0053,180.975,263.525,0,,1:Net-(D4-K); 2:/LED2
#PWR021,1,GND,DVB_Power:GND,35.56,260.985,0,,1:None
R30,1,R_0175,DVB_R:R_0175,307.34,306.705,0,,1:Net-(U14-VDD1A); 2:/RX_P
C50,1,C_0002,DVB_C:C_0002,273.05,73.66,0,,1:+3.3V; 2:GND
#PWR022,1,GND,DVB_Power:GND,45.72,230.505,270,,1:None
R37,1,R_0175,DVB_R:R_0175,164.465,353.06,90,,1:/RMII_CRS_DV; 2:Net-(U14-CRS_DV/MODE2)
#PWR020,1,GND,DVB_Power:GND,35.56,234.315,0,,1:None
D3,1,D_0001,DVB_D:D_0001,171.45,255.905,270,x,1:Net-(D3-K); 2:+3.3V
#PWR016,1,+15V,DVB_Power:+15V,26.67,219.075,0,,1:None
U10,1,U_0139,DVB_U:U_0139,276.225,196.215,0,,1:/MEMS_MISO; 10:unconnected-(U10-RESV-Pad10); 11:GND; 12:/MEMS_CS; 13:/MEMS_SCLK; 14:/MEMS_MOSI; 2:unconnected-(U10-RESV-Pad2); 3:unconnected-(U10-RESV-Pad3); 4:/MEMS_INT; 5:+3.3V; 6:GND; 7:GND; 8:+3.3V; 9:/MEMS_FSYNC
#PWR0149,1,+3.3V,DVB_Power:+3.3V,267.97,69.85,0,,1:None
#PWR034,1,GND,DVB_Power:GND,115.57,260.985,0,,1:None
#FLG03,1,P_FLG,DVB_Power:P_FLG,115.57,338.455,270,,1:None
R10,1,R_0020,DVB_R:R_0020,372.11,33.655,180,,1:/RST; 2:+3.3V
R7,1,R_0173,DVB_R:R_0173,81.28,198.12,0,,1:+12V; 2:Net-(U1-FB)
C71,1,C_0003,DVB_C:C_0003,349.25,67.945,0,x,1:GND; 2:Net-(U2-VDDSMPS)
R31,1,R_0175,DVB_R:R_0175,312.42,306.705,0,,1:Net-(U14-VDD1A); 2:/RX_N
#FLG02,1,P_FLG,DVB_Power:P_FLG,115.57,253.365,270,,1:None
U9,1,U_0144,DVB_U:U_0144,59.69,257.175,0,,1:+15; 2:GND; 3:/5V_EN; 4:Net-(U9-BPASS); 5:+5V
#PWR029,1,GND,DVB_Power:GND,105.41,80.01,0,,1:None
#PWR0151,1,AVDD,DVB_Power:AVDD,26.67,330.835,0,,1:None
C24,1,C_0014,DVB_C:C_0014,88.9,198.12,0,,1:+12V; 2:Net-(U1-FB)
C26,1,C_0028,DVB_C:C_0028,105.41,76.2,180,,1:GND; 2:/CIS_ADC_3
C39,1,C_0068,DVB_C:C_0068,276.86,375.285,0,,1:Net-(U14-VDDCR); 2:GND
C27,1,C_0028,DVB_C:C_0028,111.76,76.2,180,,1:GND; 2:/CIS_ADC_2
R34,1,R_0175,DVB_R:R_0175,164.465,340.995,90,,1:/RMII_RXD0; 2:Net-(U14-RXD0/MODE0)
#PWR037,1,+3.3V,DVB_Power:+3.3V,276.225,186.055,0,,1:None
#PWR0152,1,GND,DVB_Power:GND,468.63,52.705,0,,1:None
C59,1,C_0001,DVB_C:C_0001,73.66,264.795,0,,1:Net-(U9-BPASS); 2:GND
#PWR028,1,GND,DVB_Power:GND,88.9,260.985,0,,1:None
R50,1,R_0020,DVB_R:R_0020,241.3,85.09,180,,1:/QSPI_nCS; 2:+3.3V
#PWR032,1,GND,DVB_Power:GND,115.57,234.315,0,,1:None
R28,1,R_0175,DVB_R:R_0175,297.18,306.705,0,,1:Net-(U14-VDD1A); 2:/TX_P
#PWR031,1,AVDD,DVB_Power:AVDD,115.57,226.695,0,,1:None
C25,1,C_0040,DVB_C:C_0040,115.57,342.265,180,,1:GND; 2:VERF+
C61,1,C_0001,DVB_C:C_0001,91.44,342.265,180,,1:GND; 2:Net-(C14-Pad1)
L2,1,L_0010,DVB_L:L_0010,345.44,299.085,270,,1:+3.3V; 2:Net-(U14-VDD1A)
U3,1,U_0144,DVB_U:U_0144,59.69,230.505,0,,1:Net-(U3-Vin); 2:GND; 3:/5V_EN; 4:Net-(U3-BPASS); 5:Net-(U3-Vout)
#PWR0153,1,+3.3V,DVB_Power:+3.3V,171.45,252.095,0,,1:None
#PWR038,1,GND,DVB_Power:GND,276.225,206.375,0,y,1:None
R8,1,R_0174,DVB_R:R_0174,81.28,205.74,0,,1:Net-(U1-FB); 2:GND
#PWR0142,1,AVDD,DVB_Power:AVDD,141.605,101.6,0,,1:None
C67,1,C_0040,DVB_C:C_0040,115.57,257.175,180,,1:GND; 2:+5V
