Reference, Quantity, Value, Footprint, Datasheet, Field1, Field2, Field3, Field4, Field5, Field6, Field7, Field8, Field9, Field10, Field11, sIdProduct, details, fabricant
C1 ,1,C_0038,DVB_Capacitors_Ceramic:C_1206,generic,4.7uF,C-1206,50V,X7R,,,,,,,,,,
C11 C24 C28 C31 C34 C35 C36 C43 C44 ,9,C_0002,DVB_Capacitors_Ceramic:C_0402,generic,100nF,C-0402,25V,X7R,,,,,,,,,,
C12 C13 ,2,C_0034,DVB_Capacitors_Ceramic:C_0402,generic,10nF,C-0402,50V,X7R,,,,,,,,,,
C14 C30 C33 C42 ,4,C_0045,DVB_Capacitors_Ceramic:C_0402,generic,2.2uF,C-0402,25V,X5R,,,,,,,,,,
C18 C19 ,2,C_220nF,DVB_Capacitors_Ceramic:C_0603,generic,220nF,C-0603,50V,X7R,,,,,,,,,,
C2 C25 C41 ,3,C_0001,DVB_Capacitors_Ceramic:C_0402,generic,10nF,C-0402,25V,X7R,,,,,,,,,,
C22 C23 ,2,C_0040,DVB_Capacitors_Ceramic:C_1210,generic,47uF,C-1210,10V,X7R,,,,,,,,,,
C29 ,1,C_0007,DVB_Capacitors_Ceramic:C_1206,generic,4.7uF,C-1206,25V,X7R,,,,,,,,,,
C15 C16 C17 C3 ,4,C_0056,DVB_Capacitors_Ceramic:C_0805,generic,1uF,C-0805,50V,X5R,,,,,,,,,,
C4 C5 C7 C8 ,4,C_47uF,DVB_Capacitors_Tantalum:CP_EIA-7343-31,generic,47uF,EIA-7343–31,35V,TANTALE,,,,,,,,,,
C45 ,1,C_470nF,DVB_Capacitors_Ceramic:C_0402,generic,470nF,C-0402,25V,X7R,,,,,,,,,,
C26 C37 C38 C39 C40 C6 ,6,C_0037,DVB_Capacitors_Ceramic:C_0603,generic,1uF,C-0603,25V,X5R,,,,,,,,,,
C10 C21 C9 ,3,C_0033,DVB_Capacitors_Ceramic:C_0603,generic,100nF,C-0603,50V,X7R,,,,,,,,,,
D1 D2 D3 D4 ,4,D_0022,DVB_Diodes:D_SOD-523,http://www.farnell.com/datasheets/2287915.pdf?_ga=2.163920311.989128744.1508231426-421346633.1483631847,1N4148WT,D_SOD-523,On Semiconductor,Fast switching,75V,300mA,1-Chan,,,,,,,
D11 D5 D6 ,3,D_0001,DVB_LED:LED_0603-red,http://www.vishay.com/docs/83172/tlmo1000.pdf,TLMS1000-GS08,LED-0603,VISHAY,LED,2.6V,2mA,4mcd,RED,TOP,,,,,
F1 ,1,FUSE,DVB_F:F_1206,http://www.farnell.com/datasheets/2571626.pdf,,,,0685H9100-01,BEL CIRCUIT PROTECTION,,,,,,,,,
K1 ,1,BATT,NARA_Lib:Pin_Header_Straight_1x02_Pitch3mm,n.c,,,,,,,,,,,,K_,Jumper,n.c
K10 ,1,TOF_RD,NARA_Lib:GYVL53L0X,n.c,,,,,,,,,,,,K_,n.c,n.c
K11 ,1,TOF_RS,NARA_Lib:GYVL53L0X,n.c,,,,,,,,,,,,K_,n.c,n.c
K12 ,1,TOF_LF,NARA_Lib:GYVL53L0X,n.c,,,,,,,,,,,,K_,n.c,n.c
K13 ,1,TOF_LD,NARA_Lib:GYVL53L0X,n.c,,,,,,,,,,,,K_,n.c,n.c
K14 ,1,TOF_LS,NARA_Lib:GYVL53L0X,n.c,,,,,,,,,,,,K_,n.c,n.c
K2 ,1,K_FPC_52435-2471,DVB_Connectors:K_FPC_52435-2471,https://www.molex.com/molex/products/datasheet.jsp?part=active/0524352471_FFC_FPC_CONNECTORS.xml,,,,52435-2471,52435-2471,Molex,CONN,FPC female SMD R/A,24p,1ppr,,,,
K3 ,1,DVB_JTAG-10,NARA_Lib:FTSH-105-XX-X-DV,
K5 K7 ,2,K_PicoSPOX-3,NARA_Lib:K_PicoSPOX-3,https://www.molex.com/pdm_docs/sd/874380343_sd.pdf,874380343 ,PicoSPOX-3,MOLEX,3p,5ppr,3A,fem,,,,,,,
K6 K8 ,2,K_0002,DVB_Connectors:K_PicoSPOX-5,http://www.molex.com/pdm_docs/sd/874380543_sd.pdf,0874381043,PicoSPOX-5,MOLEX,5p,5ppr,3A,fem,B01-M00,,,,,,
K9 ,1,TOF_RF,NARA_Lib:GYVL53L0X,n.c,,,,,,,,,,,,K_,n.c,n.c
L1 ,1,L_0002,DVB_Inductors:L_5030-Coilcraft,http://www.farnell.com/datasheets/1681990.pdf?_ga=2.3696820.526238941.1497949497-421346633.1483631847,XAL5030-222MEC,L-5030,Coilcraft,2.2uH,9.2A,,,,,,,,,
L2 ,1,L_0010,DVB_Inductors:L_0603,http://www.farnell.com/datasheets/84899.pdf?_ga=2.129998540.1318262782.1499092899-695518372.1495123464,MMZ1608B121C,L-0603,TDK,120ohm 100Mhz,600mA,,,,,,,,,
Q2 Q3 Q4 Q5 Q6 Q7 ,6,Q_0007,DVB_SOT:SOT_23,http://www.farnell.com/datasheets/301708.pdf?_ga=2.235166081.1850821605.1497959902-695518372.1495123464,BSS84,215,SOT_23,NXP,MOSFET,-50Vds,-130mA,6Rds,P-Chan,,,,,,
Q1 Q8 Q9 ,3,Q_0004,DVB_SOT:SOT_23,https://assets.nexperia.com/documents/data-sheet/BSS138BK.pdf,BSS138BK,SOT_23,NXP,MOSFET,60Vds,360mA,1Rds,N-Chan,,,,,,
R11 R14 R62 R63 R64 R65 R66 R67 R7 ,9,R_0111,DVB_Resistors:R_0402,generic,2K,R-0402,1%,62.5mW,,,,,,,,,,
R17 ,1,R_0030,DVB_Resistors:R_0402,generic,18.2K,R-0402,1%,100mW,,,,,,,,,,
R18 ,1,R_0088,DVB_Resistors:R_1206,generic,0.015,R-1206,1%,1W,,,,,,,,,,
R23 ,1,R_0118,DVB_Resistors:R_0402,generic,1.5K,R-0402,1%,62.5mW,,,,,,,,,,
R31 R32 R33 R34 R35 R36 ,6,R_0015,DVB_Resistors:R_0402,generic,4.7K,R-0402,1%,100mW,,,,,,,,,,
R38 ,1,R_0076,DVB_Resistors:R_0603,generic,100,R-0603,1%,100mW,,,,,,,,,,
R1 R10 R12 R13 R15 R16 R2 R3 R37 R39 R4 R40 R41 R42 R43 R44 R45 R46 R5 R6 R8 R9 ,22,R_0002,DVB_Resistors:R_0402,generic,1M,R-0402,1%,100mW,,,,,,,,,,
R47 R48 R49 R50 ,4,R_0033,DVB_Resistors:R_0402,generic,100,R-0402,1%,100mW,,,,,,,,,,
R29 R30 R53 R54 R55 R56 ,6,R_0105,DVB_Resistors:R_0402,generic,47K,R-0402,1%,62.5mW,,,,,,,,,,
R19 R57 ,2,R_0104,DVB_Resistors:R_0402,generic,750,R-0402,1%,63mW,,,,,,,,,,
SP1 ,1,SP_0001,DVB_Buzzers:SP_KSSG-5x5x3,http://www.farnell.com/datasheets/1653456.pdf?_ga=2.105053891.1391353022.1498466693,KSSG13J12,SP-KSSG-5x5x3,BUZZER,Kingstate,78dBa,4V,110mA,4Khz,,,,,,
SW1 SW2 ,2,SW_SKQG,DVB_Buttons:SPST_SKQG,http://www.alps.com/prod/info/E/HTML/Tact/SurfaceMount/SKQG/SKQG_list.html,,,,,,,,,,,,SW_,n.c,ALPS
U1 ,1,U_LT8610ABIMSE-3.3,DVB_SSOP:MSOP_16-1EP_3x4_P0.5,http://cds.linear.com/docs/en/datasheet/8610abfa.pdf,LT8610ABIMSE-3.3,MSOP_16-EP_3x4_P0.5,Linear Technology,REGULATOR,DC/DC STEP DOWN / EN,42Vin,3.3Vout,3.5A,2.5uA,200Khz to 2.2Mhz,-40° to 125°,,,
U2 ,1,U_AP2204K-5.0TRG1,DVB_SOT:SOT_23-5,https://www.diodes.com/assets/Datasheets/AP2204.pdf,AP2204K-5.0TRG1,SOT_23-5,Diodes INC,REGULATOR,LDO / EN / 5Vout,2.3V to 24Vin,5Vout,150mA,1uA,1%,-40° to 125°,,,
U3 ,1,LTC2944,DVB_QFN_DFN:DFN_8-1EP_3x3mm_P0.5mm,http://www.analog.com/media/en/technical-documentation/data-sheets/2944fa.pdf,LTC2944,QFN-8-1EP_3x3_P0.65,Linear Technology,MONITORING,FUEL GAUGE / I2C,60Vin,,null,100uA,1%,-40° to 85°,,,
U4 U5 ,2,L6234,NARA_Lib:PowerSO-20,http://www.st.com/resource/en/datasheet/l6234.pdf
U6 ,1,LTC2955TS8-1,DVB_SOT:SOT_23-8,
U7 ,1,STM32H743VITx,DVB_QFP:LQFP-100_14x14mm_Pitch0.5mm,http://www.st.com/resource/en/datasheet/stm32h743bi.pdf
U8 ,1,ICM-20689,DVB_QFN_DFN:QFN-24-1EP_4x4mm_Pitch0.5mm,http://www.invensense.com/wp-content/uploads/2017/08/ICM-20689-v2.2-002.pdf
U10 U11 U12 U9 ,4,QRE1113GR,NARA_Lib:QRE1113GR,https://www.pololu.com/file/0J117/QRE1113GR.pdf